{
  "project_info": {
    "project_number": "182658863621",
    "project_id": "chat-app-65920",
    "storage_bucket": "chat-app-65920.appspot.com"
  },
  "client": [
    {
      "client_info": {
        "mobilesdk_app_id": "1:182658863621:android:a460cc631f72f80ebd826c",
        "android_client_info": {
          "package_name": "com.example.chat_app"
        }
      },
      "oauth_client": [
        {
          "client_id": "182658863621-ob65m54ctvjfce0tg1b3a1qcr9gn881b.apps.googleusercontent.com",
          "client_type": 3
        }
      ],
      "api_key": [
        {
          "current_key": "AIzaSyB2Ddp3pqUhGJxoF-okZuZD464R1x0eAKg"
        }
      ],
      "services": {
        "appinvite_service": {
          "other_platform_oauth_client": [
            {
              "client_id": "182658863621-ob65m54ctvjfce0tg1b3a1qcr9gn881b.apps.googleusercontent.com",
              "client_type": 3
            }
          ]
        }
      }
    }
  ],
  "configuration_version": "1"
}